iter	RMSE
0	6.220505406
1	6.203847416
2	6.188337798
3	6.172866954
4	6.157434787
5	6.1420412
6	6.126686098
7	6.111369383
8	6.09609096
9	6.080850733
